{"cameraMode":{"drawMode":0,"name":"Shaded","section":"Shading Mode"},"sceneLighting":true,"audioPlay":false,"sceneViewState":{"m_AlwaysRefresh":false,"showFog":true,"showSkybox":true,"showFlares":true,"showImageEffects":true,"showParticleSystems":true,"showVisualEffectGraphs":true,"m_FxEnabled":false},"in2DMode":false,"pivot":{"x":0.2388899177312851,"y":7.811227798461914,"z":132.5967254638672},"rotation":{"x":0.37492942810058596,"y":0.0016935642343014479,"z":-0.0006442152080126107,"w":0.9270831346511841},"size":80.20811462402344,"orthographic":false}